{'type': 'user', 'id': '68db7457d67603788701bf39', 'name': 'athenaw', 'fullname': 'Athena Wang', 'email': 'wangathena68@yahoo.com', 'emailVerified': True, 'canPay': False, 'billingMode': 'prepaid', 'periodEnd': 1775001600, 'isPro': False, 'avatarUrl': '/avatars/1a697e335affd90ec40a5e3462a2bca0.svg', 'orgs': [], 'auth': {'type': 'access_token', 'accessToken': {'displayName': 'LLAma token', 'role': 'read', 'createdAt': '2026-03-18T17:36:31.509Z'}}}
--- ATTEMPTING MODEL LOAD ---
--- LOAD SUCCESSFUL ---
{'college_computer_science': [0, 3, 6, 9, 12, 15, 18, 21, 24, 27], 'formal_logic': [0, 3, 6, 9, 12, 15, 18, 21, 24, 27], 'high_school_computer_science': [0, 3, 6, 9, 12, 15, 18, 21, 24, 27], 'computer_security': [0, 3, 6, 9, 12, 15, 18, 21, 24, 27], 'machine_learning': [0, 3, 6, 9, 12, 15, 18, 21, 24, 27], 'clinical_knowledge': [0, 3, 6, 9, 12, 15, 18, 21, 24, 27], 'high_school_biology': [0, 3, 6, 9, 12, 15, 18, 21, 24, 27], 'anatomy': [0, 3, 6, 9, 12, 15, 18, 21, 24, 27], 'college_chemistry': [0, 3, 6, 9, 12, 15, 18, 21, 24, 27], 'college_medicine': [0, 3, 9, 12, 15, 18, 21, 24, 27, 30], 'professional_medicine': [0, 3, 6, 9, 12, 15, 21, 24, 27, 30], 'business_ethics': [0, 3, 6, 9, 12, 15, 18, 21, 24, 27], 'professional_accounting': [0, 3, 6, 9, 12, 15, 18, 21, 24, 27], 'public_relations': [0, 3, 6, 9, 12, 15, 18, 21, 24, 27], 'management': [0, 3, 6, 9, 12, 15, 18, 21, 24, 27], 'marketing': [0, 3, 6, 9, 12, 15, 18, 21, 24, 27]}
generating predictions for the subject college_computer_science
Running experiments with test set question_id 0
This is a question from college computer science.
The access matrix approach to protection has the difficulty that
    A. the matrix, if stored directly, is large and can be clumsy to manage
    B. it is not capable of expressing complex protection requirements
    C. deciding whether a process has access to a resource is undecidable
    D. there is no way to express who has rights to change the access matrix itself
The correct answer is option: A
An integer c is a common divisor of two integers x and y if and only if c is a divisor of x and c is a divisor of y. Which of the following sets of integers could possibly be the set of all common divisors of two integers?
    A. {-6,-2, -1, 1, 2, 6}
    B. {-6, -2, -1, 0, 1, 2, 6}
    C. {-6, -3, -2, -1, 1, 2, 3, 6}
    D. {-6, -3, -2, -1, 0, 1, 2, 3, 6}
The correct answer is option: C
In the NoNicks operating system, the time required by a single file-read operation has four nonoverlapping components:
disk seek time-25 msec
disk latency time-8 msec
disk transfer time- 1 msec per 1,000 bytes
operating system overhead-1 msec per 1,000 bytes + 10 msec
In version 1 of the system, the file read retrieved blocks of 1,000 bytes. In version 2, the file read (along with the underlying layout on disk) was modified to retrieve blocks of 4,000 bytes. The ratio of-the time required to read a large file under version 2 to the time required to read the same large file under version 1 is approximately
    A. 1:4
    B. 1:3.5
    C. 1:1
    D. 1.1:1
The correct answer is option: B
You are the world's best expert in college computer science. Reason step-by-step and answer the following question. 
Excluding test set question no 0 from dataset
Predictions Generated for college_computer_science for iteration 0
Calculating accuracy
Accuracy on college_computer_science for iteration 0 is 0.49 
Running experiments with test set question_id 3
Excluding test set question no 3 from dataset
Predictions Generated for college_computer_science for iteration 1
Calculating accuracy
Accuracy on college_computer_science for iteration 1 is 0.48 
Running experiments with test set question_id 6
Excluding test set question no 6 from dataset
Predictions Generated for college_computer_science for iteration 2
Calculating accuracy
Accuracy on college_computer_science for iteration 2 is 0.53 
Running experiments with test set question_id 9
Excluding test set question no 9 from dataset
Predictions Generated for college_computer_science for iteration 3
Calculating accuracy
Accuracy on college_computer_science for iteration 3 is 0.53 
Running experiments with test set question_id 12
Excluding test set question no 12 from dataset
Predictions Generated for college_computer_science for iteration 4
Calculating accuracy
Accuracy on college_computer_science for iteration 4 is 0.55 
Running experiments with test set question_id 15
This is a question from college computer science.
For all strings x, the function x^M is defined recursively as follows.
e^M= e, and
if w is a string and a is a string with length 1, then
(aw)^M = aw^Ma.
Let a be a string with length 1, and let x and y be arbitrary strings. Which of the following is true?
    A. a^M = a
    B. (ax)^M = (xa)^M
    C. (xy)^M = y^Mx^M
    D. None of the above
The correct answer is option: D
Which of the following is NOT a reasonable justification for choosing to busy-wait on an asynchronous event?
    A. The wait is expected to be short.
    B. A busy-wait loop is easier to code than an interrupt handler.
    C. There is no other work for the processor to do.
    D. The program executes on a time-sharing system.
The correct answer is option: D
The language {ww | w in (0 + 1)*} is
    A. not accepted by any Turing machine
    B. accepted by some Turing machine, but by no pushdown automaton
    C. accepted by some pushdown automaton, but not context-free
    D. context-free, but not regular
The correct answer is option: B
You are the world's best expert in college computer science. Reason step-by-step and answer the following question. 
Excluding test set question no 15 from dataset
Predictions Generated for college_computer_science for iteration 5
Calculating accuracy
Accuracy on college_computer_science for iteration 5 is 0.50 
Running experiments with test set question_id 18
Excluding test set question no 18 from dataset
Predictions Generated for college_computer_science for iteration 6
Calculating accuracy
Accuracy on college_computer_science for iteration 6 is 0.53 
Running experiments with test set question_id 21
Excluding test set question no 21 from dataset
Predictions Generated for college_computer_science for iteration 7
Calculating accuracy
Accuracy on college_computer_science for iteration 7 is 0.48 
Running experiments with test set question_id 24
Excluding test set question no 24 from dataset
Predictions Generated for college_computer_science for iteration 8
Calculating accuracy
Accuracy on college_computer_science for iteration 8 is 0.49 
Running experiments with test set question_id 27
Excluding test set question no 27 from dataset
Predictions Generated for college_computer_science for iteration 9
Calculating accuracy
Accuracy on college_computer_science for iteration 9 is 0.50 
*****************************************************************************************
calculating average accuracy on college_computer_science
Average accuracy on college_computer_science is 0.507
✅ Progress saved to Drive: accuracy_mmlu_prompts_10_20260330_215636.pkl
generating predictions for the subject formal_logic
Running experiments with test set question_id 0
This is a question from formal logic.
Identify the conclusion of the following argument. It is hard not to verify in our peers the same weakened intelligence due to emotions that we observe in our everyday patients. The arrogance of our consciousness, which in general, belongs to the strongest defense mechanisms, blocks the unconscious complexes. Because of this, it is difficult to convince people of the unconscious, and in turn to teach them what their conscious knowledge contradicts. (Sigmund Freud, The Origin and Development of Psychoanalysis)
    A. It is hard not to verify in our peers the same weakened intelligence due to emotions that we observe in our everyday patients.
    B. The arrogance of our consciousness, which in general, belongs to the strongest defense mechanisms, blocks the unconscious complexes.
    C. Because of this, it is difficult to convince people of the unconscious, and in turn to teach them what their conscious knowledge contradicts.
    D. It is difficult to convince people of the unconscious, and in turn to teach them what their conscious knowledge contradicts.
The correct answer is option: D
Select the best translation into predicate logic. David teaches Chris. (c: Chris; d: David; Txy: x teaches y)
    A. Tdc
    B. Tcd
    C. Tcc
    D. dTc
The correct answer is option: A
 Select the best English interpretation of the given proposition, using the following translation key: Ax: x is an apartment Hx: x is a house Lx: x is large Bxy: x is bigger than y (∃x)[(Ax • Lx) • (∃y)(Hy • Bxy)]
    A. Some large houses are bigger than some apartments.
    B. Some houses are bigger than all large apartments.
    C. Some large apartments are bigger than some houses.
    D. Some houses are bigger thatn some large apartments.
The correct answer is option: C
You are the world's best expert in formal logic. Reason step-by-step and answer the following question. 
Excluding test set question no 0 from dataset
Predictions Generated for formal_logic for iteration 0
Calculating accuracy
Accuracy on formal_logic for iteration 0 is 0.42 
Running experiments with test set question_id 3
Excluding test set question no 3 from dataset
Predictions Generated for formal_logic for iteration 1
Calculating accuracy
Accuracy on formal_logic for iteration 1 is 0.42 
Running experiments with test set question_id 6
Excluding test set question no 6 from dataset
Predictions Generated for formal_logic for iteration 2
Calculating accuracy
Accuracy on formal_logic for iteration 2 is 0.44 
Running experiments with test set question_id 9
Excluding test set question no 9 from dataset
Predictions Generated for formal_logic for iteration 3
Calculating accuracy
Accuracy on formal_logic for iteration 3 is 0.44 
Running experiments with test set question_id 12
Excluding test set question no 12 from dataset
Predictions Generated for formal_logic for iteration 4
Calculating accuracy
Accuracy on formal_logic for iteration 4 is 0.43 
Running experiments with test set question_id 15
This is a question from formal logic.
 Select the best translation into predicate logic. Some firefighters rescue victims from danger. (Dx: x is danger; Fx: x is a firefighter; Vx: x is a victim; Rxyz: x rescues y from z)
    A. (∃x){Fx • (∀y)[Dy ⊃ (∃z)(Vz • Rxyz)]}
    B. (∃x){Fx • (∃y)[Vy • (∃z)(Dz • Rxyz)]}
    C. (∃x){Fx • (∃y)(∃z)[(Vy • Dz) • Rxzy]}
    D. (∀x){Fx ⊃ (∃y)[Vy . (∃z)(Dz • Rxyz)]}
The correct answer is option: B
Identify the antecedent of the following conditional proposition: The university raises tuition if, and only if, both the governor approves of it and the board of trustees recommends it.
    A. The university raises tuition.
    B. The governor approves of it.
    C. The board of trustees recommends it.
    D. None of the above
The correct answer is option: D
 Select the best translation into predicate logic. All planets are smaller than Jupiter. (j: Jupiter; Px: x is a planet; Sxy: x is smaller than y)
    A. (∃x)(Px • Sxj)
    B. (∀x)(Px • Sxj)
    C. (∀x)(Px ⊃ Sjx)
    D. (∀x)(Px ⊃ Sxj)
The correct answer is option: D
You are the world's best expert in formal logic. Reason step-by-step and answer the following question. 
Excluding test set question no 15 from dataset
Predictions Generated for formal_logic for iteration 5
Calculating accuracy
Accuracy on formal_logic for iteration 5 is 0.47 
Running experiments with test set question_id 18
Excluding test set question no 18 from dataset
Predictions Generated for formal_logic for iteration 6
Calculating accuracy
Accuracy on formal_logic for iteration 6 is 0.43 
Running experiments with test set question_id 21
Excluding test set question no 21 from dataset
Predictions Generated for formal_logic for iteration 7
Calculating accuracy
Accuracy on formal_logic for iteration 7 is 0.40 
Running experiments with test set question_id 24
Excluding test set question no 24 from dataset
Predictions Generated for formal_logic for iteration 8
Calculating accuracy
Accuracy on formal_logic for iteration 8 is 0.42 
Running experiments with test set question_id 27
Excluding test set question no 27 from dataset
Predictions Generated for formal_logic for iteration 9
Calculating accuracy
Accuracy on formal_logic for iteration 9 is 0.40 
*****************************************************************************************
calculating average accuracy on formal_logic
Average accuracy on formal_logic is 0.427
✅ Progress saved to Drive: accuracy_mmlu_prompts_10_20260330_215636.pkl
generating predictions for the subject high_school_computer_science
Running experiments with test set question_id 0
This is a question from high school computer science.
Let x = 1. What is x << 3 in Python 3?
    A. 1
    B. 3
    C. 8
    D. 16
The correct answer is option: C
In Python 3, which of the following function convert a string to an int in python?
    A. int(x [,base])
    B. long(x [,base] )
    C. float(x)
    D. str(x)
The correct answer is option: A
A user enters a Web address in a browser, and a request for a file is sent to a Web server. Which of the following best describes how the file is sent to the user?
    A. The file is broken into packets for transmission. The packets must be reassembled upon receipt.
    B. The file is broken into packets for transmission. The user's browser must request each packet in order until all packets are received.
    C. The server attempts to connect directly to the user's computer. If the connection is successful, the entire file is sent. If the connection is unsuccessful, an error message is sent to the user.
    D. The server repeatedly attempts to connect directly to the user's computer until a connection is made. Once the connection is made, the entire file is sent.
The correct answer is option: A
You are the world's best expert in high school computer science. Reason step-by-step and answer the following question. 
Excluding test set question no 0 from dataset
Predictions Generated for high_school_computer_science for iteration 0
Calculating accuracy
Accuracy on high_school_computer_science for iteration 0 is 0.73 
Running experiments with test set question_id 3
Excluding test set question no 3 from dataset
Predictions Generated for high_school_computer_science for iteration 1
Calculating accuracy
Accuracy on high_school_computer_science for iteration 1 is 0.70 
Running experiments with test set question_id 6
Excluding test set question no 6 from dataset
Predictions Generated for high_school_computer_science for iteration 2
Calculating accuracy
Accuracy on high_school_computer_science for iteration 2 is 0.72 
Running experiments with test set question_id 9
Excluding test set question no 9 from dataset
Predictions Generated for high_school_computer_science for iteration 3
Calculating accuracy
Accuracy on high_school_computer_science for iteration 3 is 0.69 
Running experiments with test set question_id 12
Excluding test set question no 12 from dataset
Predictions Generated for high_school_computer_science for iteration 4
Calculating accuracy
Accuracy on high_school_computer_science for iteration 4 is 0.69 
Running experiments with test set question_id 15
This is a question from high school computer science.
In Python 3, which of the following function checks in a string that all characters are in uppercase?
    A. isupper()
    B. join(seq)
    C. len(string)
    D. ljust(width[, fillchar])
The correct answer is option: A
The code fragment below is intended to display "odd" if the positive number num is odd.
 IF (<MISSING CONDITION>)
 DISPLAY “odd”

 Which of the following can be used to replace <MISSING CONDITION> so that the code fragment will work as intended?
    A. (num MOD 1) = 0
    B. (num MOD 1) = 1
    C. (num MOD 2 ) = 0
    D. (num MOD 2) = 1
The correct answer is option: D
A programmer uses code published online under a Creative Commons Attribution (C C B Y) license in a commercial product. Which of the following best describes an acceptable use of the code?
    A. Copying code from the online source into the programmer's product without any other actions
    B. Copying code from the online source into the programmer's product and limiting the copied code to ten code lines
    C. Copying code from the online source into the programmer's product and changing all variable names
    D. Copying code from the online source into the programmer's product and crediting the original author in the manner indicated by the license
The correct answer is option: D
You are the world's best expert in high school computer science. Reason step-by-step and answer the following question. 
Excluding test set question no 15 from dataset
Predictions Generated for high_school_computer_science for iteration 5
Calculating accuracy
Accuracy on high_school_computer_science for iteration 5 is 0.73 
Running experiments with test set question_id 18
Excluding test set question no 18 from dataset
Predictions Generated for high_school_computer_science for iteration 6
Calculating accuracy
Accuracy on high_school_computer_science for iteration 6 is 0.71 
Running experiments with test set question_id 21
Excluding test set question no 21 from dataset
Predictions Generated for high_school_computer_science for iteration 7
Calculating accuracy
Accuracy on high_school_computer_science for iteration 7 is 0.71 
Running experiments with test set question_id 24
Excluding test set question no 24 from dataset
Predictions Generated for high_school_computer_science for iteration 8
Calculating accuracy
Accuracy on high_school_computer_science for iteration 8 is 0.71 
Running experiments with test set question_id 27
Excluding test set question no 27 from dataset
Predictions Generated for high_school_computer_science for iteration 9
Calculating accuracy
Accuracy on high_school_computer_science for iteration 9 is 0.70 
*****************************************************************************************
calculating average accuracy on high_school_computer_science
Average accuracy on high_school_computer_science is 0.711
✅ Progress saved to Drive: accuracy_mmlu_prompts_10_20260330_215636.pkl
generating predictions for the subject computer_security
Running experiments with test set question_id 0
This is a question from computer security.
Which of the following styles of fuzzer is more likely to explore paths covering every line of code in the following program?
    A. Generational
    B. Blackbox
    C. Whitebox
    D. Mutation-based
The correct answer is option: C
Assume that a TLS connection has been established successfully between a client and a server. Establishing the session included checking the server certificate and executing a DiffieHelmann exchange, but the client did not provide a client certificate. Further, assume that the client and server are honest, that the client and server don’t leak their keys, and that the cryptography is good. Which of the following attacks does TLS protect against?
1. An attacker replaying bytes that a client sent earlier.
2. An attacker impersonating the server.
    A. True, True
    B. False, False
    C. True, False
    D. False, True
The correct answer is option: A
MIT’s Kerberos KDC server has a maximum ticket lifetime of 24 hours (for most user principals). What ensures that an expired Kerberos ticket can no longer be used?
    A. The Kerberos server (KDC) refuses to establish new connections between clients and servers for expired tickets.
    B. When a client connects to a server, the server sets a 24-hour timer to terminate the connection, which ensures a client cannot remain connected past the ticket’s maximum lifetime.
    C. When a client connects to a server, the server compares the ticket’s expiration time to the server’s current clock, and refuses to authenticate the user if the ticket expiration time is in the past.
    D. When a client connects to a server, the server sends a query to the KDC to check if the ticket is still valid with respect to the KDC’s clock, and refuses to authenticate the user if the KDC reports that the ticket is expired.
The correct answer is option: C
You are the world's best expert in computer security. Reason step-by-step and answer the following question. 
Excluding test set question no 0 from dataset
Predictions Generated for computer_security for iteration 0
Calculating accuracy
Accuracy on computer_security for iteration 0 is 0.71 
Running experiments with test set question_id 3
Excluding test set question no 3 from dataset
Predictions Generated for computer_security for iteration 1
Calculating accuracy
Accuracy on computer_security for iteration 1 is 0.70 
Running experiments with test set question_id 6
Excluding test set question no 6 from dataset
Predictions Generated for computer_security for iteration 2
Calculating accuracy
Accuracy on computer_security for iteration 2 is 0.73 
Running experiments with test set question_id 9
Excluding test set question no 9 from dataset
Predictions Generated for computer_security for iteration 3
Calculating accuracy
Accuracy on computer_security for iteration 3 is 0.74 
Running experiments with test set question_id 12
Excluding test set question no 12 from dataset
Predictions Generated for computer_security for iteration 4
Calculating accuracy
Accuracy on computer_security for iteration 4 is 0.73 
Running experiments with test set question_id 15
This is a question from computer security.
_______________ is the central node of 802.11 wireless operations.
    A. WPA
    B. Access Point
    C. WAP
    D. Access Port
The correct answer is option: B
In MD-5 the length of the message digest is
    A. 160
    B. 128
    C. 64
    D. 54
The correct answer is option: B
What is Nmap?
    A. It is a scanner which works by injecting packets to a range of addresses, and inferring what hosts and services might be at those addresses, based on the responses
    B. It is a network fuzz testing tool
    C. It is a map of the Internet
    D. It is a suite of tools for scripting attacks: probe, construct, encode, inject, wait for response
The correct answer is option: A
You are the world's best expert in computer security. Reason step-by-step and answer the following question. 
Excluding test set question no 15 from dataset
Predictions Generated for computer_security for iteration 5
Calculating accuracy
Accuracy on computer_security for iteration 5 is 0.74 
Running experiments with test set question_id 18
Excluding test set question no 18 from dataset
Predictions Generated for computer_security for iteration 6
Calculating accuracy
Accuracy on computer_security for iteration 6 is 0.77 
Running experiments with test set question_id 21
Excluding test set question no 21 from dataset
Predictions Generated for computer_security for iteration 7
Calculating accuracy
Accuracy on computer_security for iteration 7 is 0.73 
Running experiments with test set question_id 24
Excluding test set question no 24 from dataset
Predictions Generated for computer_security for iteration 8
Calculating accuracy
Accuracy on computer_security for iteration 8 is 0.74 
Running experiments with test set question_id 27
Excluding test set question no 27 from dataset
Predictions Generated for computer_security for iteration 9
Calculating accuracy
Accuracy on computer_security for iteration 9 is 0.71 
*****************************************************************************************
calculating average accuracy on computer_security
Average accuracy on computer_security is 0.731
✅ Progress saved to Drive: accuracy_mmlu_prompts_10_20260330_215636.pkl
generating predictions for the subject machine_learning
Running experiments with test set question_id 0
This is a question from machine learning.
Statement 1| Linear regression estimator has the smallest variance among all unbiased estimators. Statement 2| The coefficients α assigned to the classifiers assembled by AdaBoost are always non-negative.
    A. True, True
    B. False, False
    C. True, False
    D. False, True
The correct answer is option: D
Statement 1| RoBERTa pretrains on a corpus that is approximate 10x larger than the corpus BERT pretrained on. Statement 2| ResNeXts in 2018 usually used tanh activation functions.
    A. True, True
    B. False, False
    C. True, False
    D. False, True
The correct answer is option: C
Statement 1| Support vector machines, like logistic regression models, give a probability distribution over the possible labels given an input example. Statement 2| We would expect the support vectors to remain the same in general as we move from a linear kernel to higher order polynomial kernels.
    A. True, True
    B. False, False
    C. True, False
    D. False, True
The correct answer is option: B
You are the world's best expert in machine learning. Reason step-by-step and answer the following question. 
Excluding test set question no 0 from dataset
Predictions Generated for machine_learning for iteration 0
Calculating accuracy
Accuracy on machine_learning for iteration 0 is 0.50 
Running experiments with test set question_id 3
Excluding test set question no 3 from dataset
Predictions Generated for machine_learning for iteration 1
Calculating accuracy
Accuracy on machine_learning for iteration 1 is 0.50 
Running experiments with test set question_id 6
Excluding test set question no 6 from dataset
Predictions Generated for machine_learning for iteration 2
Calculating accuracy
Accuracy on machine_learning for iteration 2 is 0.51 
Running experiments with test set question_id 9
Excluding test set question no 9 from dataset
Predictions Generated for machine_learning for iteration 3
Calculating accuracy
Accuracy on machine_learning for iteration 3 is 0.51 
Running experiments with test set question_id 12
Excluding test set question no 12 from dataset
Predictions Generated for machine_learning for iteration 4
Calculating accuracy
Accuracy on machine_learning for iteration 4 is 0.51 
Running experiments with test set question_id 15
This is a question from machine learning.
Statement 1| Layer Normalization is used in the original ResNet paper, not Batch Normalization. Statement 2| DCGANs use self-attention to stabilize training.
    A. True, True
    B. False, False
    C. True, False
    D. False, True
The correct answer is option: B
In building a linear regression model for a particular data set, you observe the coefficient of one of the features having a relatively high negative value. This suggests that
    A. This feature has a strong effect on the model (should be retained)
    B. This feature does not have a strong effect on the model (should be ignored)
    C. It is not possible to comment on the importance of this feature without additional information
    D. Nothing can be determined.
The correct answer is option: C
For a neural network, which one of these structural assumptions is the one that most affects the trade-off between underfitting (i.e. a high bias model) and overfitting (i.e. a high variance model):
    A. The number of hidden nodes
    B. The learning rate
    C. The initial choice of weights
    D. The use of a constant-term unit input
The correct answer is option: A
You are the world's best expert in machine learning. Reason step-by-step and answer the following question. 
Excluding test set question no 15 from dataset
Predictions Generated for machine_learning for iteration 5
Calculating accuracy
Accuracy on machine_learning for iteration 5 is 0.48 
Running experiments with test set question_id 18
Excluding test set question no 18 from dataset
Predictions Generated for machine_learning for iteration 6
Calculating accuracy
Accuracy on machine_learning for iteration 6 is 0.45 
Running experiments with test set question_id 21
Excluding test set question no 21 from dataset
Predictions Generated for machine_learning for iteration 7
Calculating accuracy
Accuracy on machine_learning for iteration 7 is 0.47 
Running experiments with test set question_id 24
Excluding test set question no 24 from dataset
Predictions Generated for machine_learning for iteration 8
Calculating accuracy
Accuracy on machine_learning for iteration 8 is 0.51 
Running experiments with test set question_id 27
Excluding test set question no 27 from dataset
Predictions Generated for machine_learning for iteration 9
Calculating accuracy
Accuracy on machine_learning for iteration 9 is 0.47 
*****************************************************************************************
calculating average accuracy on machine_learning
Average accuracy on machine_learning is 0.492
✅ Progress saved to Drive: accuracy_mmlu_prompts_10_20260330_215636.pkl
generating predictions for the subject clinical_knowledge
Running experiments with test set question_id 0
This is a question from clinical knowledge.
What size of cannula would you use in a patient who needed a rapid blood transfusion (as of 2020 medical knowledge)?
    A. 18 gauge.
    B. 20 gauge.
    C. 22 gauge.
    D. 24 gauge.
The correct answer is option: A
The key attribute in successful marathon running is:
    A. strength.
    B. power.
    C. stride length.
    D. stamina.
The correct answer is option: D
Which of the following is the commonest cause of dementia in the UK?
    A. Alzheimer's disease.
    B. Cerebrovascular (stroke) disease.
    C. Lewy body dementia.
    D. HIV infection.
The correct answer is option: A
You are the world's best expert in clinical knowledge. Reason step-by-step and answer the following question. 
Excluding test set question no 0 from dataset
Predictions Generated for clinical_knowledge for iteration 0
Calculating accuracy
Accuracy on clinical_knowledge for iteration 0 is 0.75 
Running experiments with test set question_id 3
Excluding test set question no 3 from dataset
Predictions Generated for clinical_knowledge for iteration 1
Calculating accuracy
Accuracy on clinical_knowledge for iteration 1 is 0.74 
Running experiments with test set question_id 6
Excluding test set question no 6 from dataset
Predictions Generated for clinical_knowledge for iteration 2
Calculating accuracy
Accuracy on clinical_knowledge for iteration 2 is 0.74 
Running experiments with test set question_id 9
Excluding test set question no 9 from dataset
Predictions Generated for clinical_knowledge for iteration 3
Calculating accuracy
Accuracy on clinical_knowledge for iteration 3 is 0.72 
Running experiments with test set question_id 12
Excluding test set question no 12 from dataset
Predictions Generated for clinical_knowledge for iteration 4
Calculating accuracy
Accuracy on clinical_knowledge for iteration 4 is 0.73 
Running experiments with test set question_id 15
This is a question from clinical knowledge.
Which one of the following represents a IIIrd cranial nerve palsy and is a neurosurgical emergency?
    A. Unilateral constricted pupil.
    B. Bilateral constricted pupils.
    C. Unilateral fixed dilated pupil.
    D. Oval shaped pupils.
The correct answer is option: C
Which of the following is true about a thyroid swelling?
    A. It always elevates on swallowing
    B. Lymph node enlargement is a good prognostic sign
    C. An ultrasound of the swelling is the best test to determine whether the nodule is actively secreting hormone
    D. A functioning nodule on isotope scanning is unlikely to be due to cancer
The correct answer is option: D
Which of the following is true of hepatomegaly?
    A. Emphysema is a cause
    B. The liver enlarges downwards from the left hypochondrium
    C. The presence of jaundice, spider naevi and purpura suggest alcohol as a cause
    D. The liver is usually resonant to percussion
The correct answer is option: C
You are the world's best expert in clinical knowledge. Reason step-by-step and answer the following question. 
Excluding test set question no 15 from dataset
Predictions Generated for clinical_knowledge for iteration 5
Calculating accuracy
Accuracy on clinical_knowledge for iteration 5 is 0.75 
Running experiments with test set question_id 18
Excluding test set question no 18 from dataset
Predictions Generated for clinical_knowledge for iteration 6
Calculating accuracy
Accuracy on clinical_knowledge for iteration 6 is 0.71 
Running experiments with test set question_id 21
Excluding test set question no 21 from dataset
Predictions Generated for clinical_knowledge for iteration 7
Calculating accuracy
Accuracy on clinical_knowledge for iteration 7 is 0.74 
Running experiments with test set question_id 24
Excluding test set question no 24 from dataset
Predictions Generated for clinical_knowledge for iteration 8
Calculating accuracy
Accuracy on clinical_knowledge for iteration 8 is 0.74 
Running experiments with test set question_id 27
Excluding test set question no 27 from dataset
Predictions Generated for clinical_knowledge for iteration 9
Calculating accuracy
Accuracy on clinical_knowledge for iteration 9 is 0.75 
*****************************************************************************************
calculating average accuracy on clinical_knowledge
Average accuracy on clinical_knowledge is 0.738
✅ Progress saved to Drive: accuracy_mmlu_prompts_10_20260330_215636.pkl
generating predictions for the subject high_school_biology
Running experiments with test set question_id 0
This is a question from high school biology.
In a population of giraffes, an environmental change occurs that favors individuals that are tallest. As a result, more of the taller individuals are able to obtain nutrients and survive to pass along their genetic information. This is an example of
    A. directional selection.
    B. stabilizing selection.
    C. sexual selection.
    D. disruptive selection.
The correct answer is option: A
Which of the changes below following the start codon in an mRNA would most likely have the greatest deleterious effect?
    A. a deletion of a single nucleotide
    B. a deletion of a nucleotide triplet
    C. a single nucleotide substitution of the nucleotide occupying the first codon position
    D. a single nucleotide substitution of the nucleotide occupying the third codon position
The correct answer is option: A
The energy given up by electrons as they move through the electron transport chain is used to
    A. break down glucose
    B. make glucose
    C. produce ATP
    D. make NADH
The correct answer is option: C
You are the world's best expert in high school biology. Reason step-by-step and answer the following question. 
Excluding test set question no 0 from dataset
Predictions Generated for high_school_biology for iteration 0
Calculating accuracy
Accuracy on high_school_biology for iteration 0 is 0.80 
Running experiments with test set question_id 3
Excluding test set question no 3 from dataset
Predictions Generated for high_school_biology for iteration 1
Calculating accuracy
Accuracy on high_school_biology for iteration 1 is 0.78 
Running experiments with test set question_id 6
Excluding test set question no 6 from dataset
Predictions Generated for high_school_biology for iteration 2
Calculating accuracy
Accuracy on high_school_biology for iteration 2 is 0.77 
Running experiments with test set question_id 9
Excluding test set question no 9 from dataset
Predictions Generated for high_school_biology for iteration 3
Calculating accuracy
Accuracy on high_school_biology for iteration 3 is 0.81 
Running experiments with test set question_id 12
Excluding test set question no 12 from dataset
Predictions Generated for high_school_biology for iteration 4
Calculating accuracy
Accuracy on high_school_biology for iteration 4 is 0.78 
Running experiments with test set question_id 15
This is a question from high school biology.
If the HMS Beagle had completely bypassed the Galapagos Islands, Darwin would have had a much poorer understanding of the
    A. relative stability of a well-adapted population's numbers over many generations.
    B. ability of populations to undergo modification as they adapt to a particular environment.
    C. tendency of organisms to produce the exact number of offspring that the environment can support.
    D. unlimited resources that support population growth in most natural environments.
The correct answer is option: B
Which of the following statements about lipids is correct?
    A. Unsaturated fatty acids are linked to heart disease.
    B. Lipids make up most cell surface receptors.
    C. Phospholipids are water soluble.
    D. Steroids are lipids that consist of glycerol and fatty acids.
The correct answer is option: C
All of the following are examples of connective tissue EXCEPT
    A. ligaments
    B. muscle
    C. blood
    D. cartilage
The correct answer is option: B
You are the world's best expert in high school biology. Reason step-by-step and answer the following question. 
Excluding test set question no 15 from dataset
Predictions Generated for high_school_biology for iteration 5
Calculating accuracy
Accuracy on high_school_biology for iteration 5 is 0.79 
Running experiments with test set question_id 18
Excluding test set question no 18 from dataset
Predictions Generated for high_school_biology for iteration 6
Calculating accuracy
Accuracy on high_school_biology for iteration 6 is 0.79 
Running experiments with test set question_id 21
Excluding test set question no 21 from dataset
Predictions Generated for high_school_biology for iteration 7
Calculating accuracy
Accuracy on high_school_biology for iteration 7 is 0.80 
Running experiments with test set question_id 24
Excluding test set question no 24 from dataset
Predictions Generated for high_school_biology for iteration 8
Calculating accuracy
Accuracy on high_school_biology for iteration 8 is 0.78 
Running experiments with test set question_id 27
Excluding test set question no 27 from dataset
Predictions Generated for high_school_biology for iteration 9
Calculating accuracy
Accuracy on high_school_biology for iteration 9 is 0.80 
*****************************************************************************************
calculating average accuracy on high_school_biology
Average accuracy on high_school_biology is 0.789
✅ Progress saved to Drive: accuracy_mmlu_prompts_10_20260330_215636.pkl
generating predictions for the subject anatomy
Running experiments with test set question_id 0
This is a question from anatomy.
A lesion causing compression of the facial nerve at the stylomastoid foramen will cause ipsilateral
    A. paralysis of the facial muscles.
    B. paralysis of the facial muscles and loss of taste.
    C. paralysis of the facial muscles, loss of taste and lacrimation.
    D. paralysis of the facial muscles, loss of taste, lacrimation and decreased salivation.
The correct answer is option: A
A "dished face" profile is often associated with
    A. a protruding mandible due to reactivation of the condylar cartilage by acromegaly.
    B. a recessive maxilla due to failure of elongation of the cranial base.
    C. an enlarged frontal bone due to hydrocephaly.
    D. defective development of the maxillary air sinus.
The correct answer is option: B
Which of the following best describes the structure that collects urine in the body?
    A. Bladder
    B. Kidney
    C. Ureter
    D. Urethra
The correct answer is option: A
You are the world's best expert in anatomy. Reason step-by-step and answer the following question. 
Excluding test set question no 0 from dataset
Predictions Generated for anatomy for iteration 0
Calculating accuracy
Accuracy on anatomy for iteration 0 is 0.67 
Running experiments with test set question_id 3
Excluding test set question no 3 from dataset
Predictions Generated for anatomy for iteration 1
Calculating accuracy
Accuracy on anatomy for iteration 1 is 0.72 
Running experiments with test set question_id 6
Excluding test set question no 6 from dataset
Predictions Generated for anatomy for iteration 2
Calculating accuracy
Accuracy on anatomy for iteration 2 is 0.68 
Running experiments with test set question_id 9
Excluding test set question no 9 from dataset
Predictions Generated for anatomy for iteration 3
Calculating accuracy
Accuracy on anatomy for iteration 3 is 0.69 
Running experiments with test set question_id 12
Excluding test set question no 12 from dataset
Predictions Generated for anatomy for iteration 4
Calculating accuracy
Accuracy on anatomy for iteration 4 is 0.71 
Running experiments with test set question_id 15
This is a question from anatomy.
Which of the following statements is true of the pupillary light reflex?
    A. Its efferent limb is carried in the optic nerve
    B. It is mediated by the inferior colliculi in the midbrain
    C. It is a consensual reflex
    D. Its afferent limb is carried in the oculomotor nerve
The correct answer is option: C
Which muscles are normally active during quiet inspiration?
    A. External and internal intercostal muscles
    B. External intercostal muscles and diaphragm
    C. Internal intercostal muscles and diaphragm
    D. External and internal intercostal muscles and diaphragm
The correct answer is option: B
Male hormones are produced by which of the following?
    A. Glans penis
    B. Prepuce
    C. Prostate
    D. Testes
The correct answer is option: D
You are the world's best expert in anatomy. Reason step-by-step and answer the following question. 
Excluding test set question no 15 from dataset
Predictions Generated for anatomy for iteration 5
Calculating accuracy
Accuracy on anatomy for iteration 5 is 0.67 
Running experiments with test set question_id 18
Excluding test set question no 18 from dataset
Predictions Generated for anatomy for iteration 6
Calculating accuracy
Accuracy on anatomy for iteration 6 is 0.67 
Running experiments with test set question_id 21
Excluding test set question no 21 from dataset
Predictions Generated for anatomy for iteration 7
Calculating accuracy
Accuracy on anatomy for iteration 7 is 0.72 
Running experiments with test set question_id 24
Excluding test set question no 24 from dataset
Predictions Generated for anatomy for iteration 8
Calculating accuracy
Accuracy on anatomy for iteration 8 is 0.68 
Running experiments with test set question_id 27
Excluding test set question no 27 from dataset
Predictions Generated for anatomy for iteration 9
Calculating accuracy
Accuracy on anatomy for iteration 9 is 0.72 
*****************************************************************************************
calculating average accuracy on anatomy
Average accuracy on anatomy is 0.693
✅ Progress saved to Drive: accuracy_mmlu_prompts_10_20260330_215636.pkl
generating predictions for the subject college_chemistry
Running experiments with test set question_id 0
This is a question from college chemistry.
The rate, r, of a zero-order chemical reaction A → B can be expressed as which of the following?
    A. r = k ln[A]
    B. r = k [A]^2
    C. r = k [A]
    D. r = k
The correct answer is option: D
Infrared (IR) spectroscopy is useful for determining certain aspects of the structure of organic molecules because
    A. all molecular bonds absorb IR radiation
    B. IR peak intensities are related to molecular mass
    C. most organic functional groups absorb in a characteristic region of the IR spectrum
    D. each element absorbs at a characteristic wavelength
The correct answer is option: C
What is the maximum number of phases that can be at equilibrium with each other in a three component mixture?
    A. 2
    B. 3
    C. 4
    D. 5
The correct answer is option: D
You are the world's best expert in college chemistry. Reason step-by-step and answer the following question. 
Excluding test set question no 0 from dataset
Predictions Generated for college_chemistry for iteration 0
Calculating accuracy
Accuracy on college_chemistry for iteration 0 is 0.45 
Running experiments with test set question_id 3
Excluding test set question no 3 from dataset
Predictions Generated for college_chemistry for iteration 1
Calculating accuracy
Accuracy on college_chemistry for iteration 1 is 0.46 
Running experiments with test set question_id 6
Excluding test set question no 6 from dataset
Predictions Generated for college_chemistry for iteration 2
Calculating accuracy
Accuracy on college_chemistry for iteration 2 is 0.46 
Running experiments with test set question_id 9
Excluding test set question no 9 from dataset
Predictions Generated for college_chemistry for iteration 3
Calculating accuracy
Accuracy on college_chemistry for iteration 3 is 0.47 
Running experiments with test set question_id 12
Excluding test set question no 12 from dataset
Predictions Generated for college_chemistry for iteration 4
Calculating accuracy
Accuracy on college_chemistry for iteration 4 is 0.49 
Running experiments with test set question_id 15
This is a question from college chemistry.
Calculate the magnetic moment (μI) of a 13C nucleus.
    A. 6.1445 x 10^-27 J T-1
    B. 3.1445 x 10^-27 J T-1
    C. 9.1445 x 10^-27 J T-1
    D. 1.1445 x 10^-28 J T-1
The correct answer is option: C
The normal modes of a carbon dioxide molecule that are infrared-active include which of the following?
I. Bending
II. Symmetric stretching
III. Asymmetric stretching
    A. I only
    B. II only
    C. III only
    D. I and III only
The correct answer is option: D
Which of the following is a true statement about optical isomerism of complexes containing achiral ligands?
    A. Square planar complexes can display optical isomerism only if all four ligands are identical.
    B. Tetrahedral complexes never display optical isomerism.
    C. Linear complexes can display optical isomerism when both ligands are different.
    D. Octahedral complexes of monodentate ligands can display optical isomerism only when they have at least three different ligands.
The correct answer is option: D
You are the world's best expert in college chemistry. Reason step-by-step and answer the following question. 
Excluding test set question no 15 from dataset
Predictions Generated for college_chemistry for iteration 5
Calculating accuracy
Accuracy on college_chemistry for iteration 5 is 0.45 
Running experiments with test set question_id 18
Excluding test set question no 18 from dataset
Predictions Generated for college_chemistry for iteration 6
Calculating accuracy
Accuracy on college_chemistry for iteration 6 is 0.49 
Running experiments with test set question_id 21
Excluding test set question no 21 from dataset
Predictions Generated for college_chemistry for iteration 7
Calculating accuracy
Accuracy on college_chemistry for iteration 7 is 0.47 
Running experiments with test set question_id 24
Excluding test set question no 24 from dataset
Predictions Generated for college_chemistry for iteration 8
Calculating accuracy
Accuracy on college_chemistry for iteration 8 is 0.46 
Running experiments with test set question_id 27
Excluding test set question no 27 from dataset
Predictions Generated for college_chemistry for iteration 9
Calculating accuracy
Accuracy on college_chemistry for iteration 9 is 0.47 
*****************************************************************************************
calculating average accuracy on college_chemistry
Average accuracy on college_chemistry is 0.464
✅ Progress saved to Drive: accuracy_mmlu_prompts_10_20260330_215636.pkl
generating predictions for the subject college_medicine
Running experiments with test set question_id 0
This is a question from college medicine.
A police officer carries out hundreds of traffic stops every year. When his supervisor is reviewing the officer’s records for the past year, he notices that the officer is equally likely to stop people of various genders, ages, and races. However, he is significantly more likely to write tickets for middle-aged white males with dark hair and eyes. When confronted with this fact, the officer truthfully states that he has no idea why that is, and that it must simply be a coincidence. Unbeknownst to the officer, this behavior is tied to the fact that these men look like his father, with whom he had an abusive relationship as a child. What psychological framework would directly address the unconscious bias in his behavior? 
    A. Behaviorist
    B. Psychoanalytic
    C. Cognitive behavioral
    D. Humanistic
The correct answer is option: B
Who set the world record for the mile race in 1886?
    A. R Bannister
    B. S Coe
    C. J DiMaggio
    D. WG George
The correct answer is option: D
Which of the following statements identifies a chemically based sensory system?
I. Gustatory system
II. Auditory system
III. Olfactory system
    A. I only
    B. II only
    C. III only
    D. I and III only
The correct answer is option: D
You are the world's best expert in college medicine. Reason step-by-step and answer the following question. 
Excluding test set question no 0 from dataset
Predictions Generated for college_medicine for iteration 0
Calculating accuracy
Accuracy on college_medicine for iteration 0 is 0.65 
Running experiments with test set question_id 3
Excluding test set question no 3 from dataset
Predictions Generated for college_medicine for iteration 1
Calculating accuracy
Accuracy on college_medicine for iteration 1 is 0.66 
Running experiments with test set question_id 9
Excluding test set question no 9 from dataset
Predictions Generated for college_medicine for iteration 2
Calculating accuracy
Accuracy on college_medicine for iteration 2 is 0.64 
Running experiments with test set question_id 12
Excluding test set question no 12 from dataset
Predictions Generated for college_medicine for iteration 3
Calculating accuracy
Accuracy on college_medicine for iteration 3 is 0.67 
Running experiments with test set question_id 15
Excluding test set question no 15 from dataset
Predictions Generated for college_medicine for iteration 4
Calculating accuracy
Accuracy on college_medicine for iteration 4 is 0.65 
Running experiments with test set question_id 18
This is a question from college medicine.
For a very weak base, the pKb of a solution would likely be:
    A. Equal to the pOH
    B. Higher than the pOH
    C. Lower than the pOH
    D. Near 7 at 25ºC
The correct answer is option: B
The genome is:
    A. the number of chromosomes found in the somatic cells of an organism.
    B. the entire DNA sequence of an organism.
    C. the entire list of proteins that an organism is capable of producing.
    D. the DNA sequence of an entire chromosome.
The correct answer is option: B
Which of the following are steroid-based molecules?
I. Testosterone
II. Triglycerides
III. Progesterone
IV. DNA
    A. I only
    B. I, II, and III
    C. I and III
    D. I, III, and IV
The correct answer is option: C
You are the world's best expert in college medicine. Reason step-by-step and answer the following question. 
Excluding test set question no 18 from dataset
Predictions Generated for college_medicine for iteration 5
Calculating accuracy
Accuracy on college_medicine for iteration 5 is 0.68 
Running experiments with test set question_id 21
Excluding test set question no 21 from dataset
Predictions Generated for college_medicine for iteration 6
Calculating accuracy
Accuracy on college_medicine for iteration 6 is 0.65 
Running experiments with test set question_id 24
Excluding test set question no 24 from dataset
Predictions Generated for college_medicine for iteration 7
Calculating accuracy
Accuracy on college_medicine for iteration 7 is 0.66 
Running experiments with test set question_id 27
Excluding test set question no 27 from dataset
Predictions Generated for college_medicine for iteration 8
Calculating accuracy
Accuracy on college_medicine for iteration 8 is 0.67 
Running experiments with test set question_id 30
Excluding test set question no 30 from dataset
Predictions Generated for college_medicine for iteration 9
Calculating accuracy
Accuracy on college_medicine for iteration 9 is 0.65 
*****************************************************************************************
calculating average accuracy on college_medicine
Average accuracy on college_medicine is 0.656
✅ Progress saved to Drive: accuracy_mmlu_prompts_10_20260330_215636.pkl
generating predictions for the subject professional_medicine
Running experiments with test set question_id 0
This is a question from professional medicine.
A 67-year-old woman comes to the physician for a follow-up examination. She had a pulmonary embolism and required treatment in the hospital for 3 weeks. She had a retroperitoneal hemorrhage; anticoagulant therapy was temporarily discontinued, and she underwent placement of an inferior vena cava (IVC) filter. She had a hematoma that was resolving on discharge from the hospital 2 weeks ago. Today, she says she has had a persistent sensation of tingling and numbness of her left thigh that she did not report in the hospital because she thought it would go away; the sensation has improved somewhat during the past week. Her only medication is warfarin. Vital signs are within normal limits. Examination of the skin shows no abnormalities. Muscle strength is normal. Sensation to light touch is decreased over a 5 x 5-cm area on the lateral aspect of the left anterior thigh. Which of the following is the most likely cause of this patient's decreased sensation?
    A. Cerebral infarction during the hospitalization
    B. Complication of the IVC filter placement
    C. Compression of the lateral femoral cutaneous nerve
    D. Hematoma of the left thigh
The correct answer is option: C
A 25-year-old gravida 3 para 2 female is admitted to the hospital at 39 weeks' gestation in active labor. She had been having regular contractions every 4 minutes, but is now having only a few intermittent, weak contractions. She has received medication for pain twice in the past 6 hours. Examination shows no reason for obstructed labor. The fetal head is engaged, the membranes are intact, the fetal heart tones are normal, and the cervix is 100% effaced and 7 cm dilated. The most likely diagnosis is
    A. Braxton Hicks contractions
    B. lower uterine retraction ring
    C. hypotonic uterine dysfunction
    D. primary dysfunctional labor
The correct answer is option: C
A 5-year-old boy is brought to the physician by his mother because of a 2-day history of a low-grade fever, cough, and runny nose. His temperature is 38°C (100.4°F). Examination findings are consistent with a diagnosis of a common cold. The physician refers to a randomized, double-blind, placebo-controlled clinical trial that evaluated the effectiveness of a new drug for the treatment of the common cold. The mean time for resolution of symptoms for patients receiving the new drug was 6.4 days, compared with a mean time of 6.7 days for patients receiving the placebo (p=0.04). Which of the following is the most appropriate interpretation of these study results?
    A. The findings are clinically and statistically significant
    B. The findings are clinically insignificant but statistically significant
    C. The findings are clinically significant but statistically insignificant
    D. The findings are neither clinically nor statistically significant
The correct answer is option: B
You are the world's best expert in professional medicine. Reason step-by-step and answer the following question. 
Excluding test set question no 0 from dataset
Predictions Generated for professional_medicine for iteration 0
Calculating accuracy
Accuracy on professional_medicine for iteration 0 is 0.70 
Running experiments with test set question_id 3
Excluding test set question no 3 from dataset
Predictions Generated for professional_medicine for iteration 1
Calculating accuracy
Accuracy on professional_medicine for iteration 1 is 0.70 
Running experiments with test set question_id 6
Excluding test set question no 6 from dataset
Predictions Generated for professional_medicine for iteration 2
Calculating accuracy
Accuracy on professional_medicine for iteration 2 is 0.73 
Running experiments with test set question_id 9
Excluding test set question no 9 from dataset
Predictions Generated for professional_medicine for iteration 3
Calculating accuracy
Accuracy on professional_medicine for iteration 3 is 0.73 
Running experiments with test set question_id 12
Excluding test set question no 12 from dataset
Predictions Generated for professional_medicine for iteration 4
Calculating accuracy
Accuracy on professional_medicine for iteration 4 is 0.69 
Running experiments with test set question_id 15
This is a question from professional medicine.
A 45-year-old limousine driver comes to the office for an initial appointment because he would like you to fill out and sign a legal document at the request of his attorney. The patient states that he is filing a lawsuit against the limousine company that employs him because he developed post-traumatic stress disorder following a motor vehicle collision. He appears irritable and tense as he provides his history. He relays his symptoms by reading them aloud from a written list. At this time, which of the following is the most appropriate approach toward confirming the underlying diagnosis of this patient?
    A. Administer amobarbital and then interview the patient
    B. Ask the patient to provide a narrative with detailed description of the incident and of his symptoms
    C. Interview the patient under hypnosis
    D. Interview the patient while paying close attention to his willingness to make eye contact
The correct answer is option: B
A 5-year-old boy is admitted to the hospital because of a 1-week history of fever and increasingly severe abdominal discomfort. At the age of 7 months, he was treated for osteomyelitis caused by Aspergillus fumigatus. He has been admitted to the hospital three times during the past 4 years for severe pneumonia. He appears moderately ill. His temperature is 39°C (102.2°F). Abdominal examination shows an enlarged, tender liver. Ultrasonography of the abdomen shows an intrahepatic abscess. Culture of the abscess fluid grows Staphylococcus aureus. Further analysis shows failure of the neutrophils to undergo an oxidative burst when exposed to S. aureus. This patient has an increased susceptibility to infection as a result of which of the following abnormalities?
    A. Failure of leukocytes to migrate between endothelial cells
    B. Failure of leukocytes to roll along the endothelial surface
    C. Inability of leukocytes to ingest microorganisms
    D. Inability of leukocytes to kill intracellular microorganisms
The correct answer is option: D
A technician wants to determine whether cytomegalovirus (CMV) DNA is present in the blood of a bone marrow transplant recipient. DNA purified from the leukocytes of the patient is reacted in a mixture containing oligonucleotides specific for CMV DNA, thermostable DNA polymerase, and nucleotides. Repetitive cycles of heating and cooling are performed, and the reaction product is detected by gel electrophoresis. The technician most likely used which of the following laboratory procedures on this patient's blood?
    A. Northern blotting
    B. Polymerase chain reaction
    C. Reverse transcription
    D. Southern blotting
The correct answer is option: B
You are the world's best expert in professional medicine. Reason step-by-step and answer the following question. 
Excluding test set question no 15 from dataset
Predictions Generated for professional_medicine for iteration 5
Calculating accuracy
Accuracy on professional_medicine for iteration 5 is 0.70 
Running experiments with test set question_id 21
Excluding test set question no 21 from dataset
Predictions Generated for professional_medicine for iteration 6
Calculating accuracy
Accuracy on professional_medicine for iteration 6 is 0.72 
Running experiments with test set question_id 24
Excluding test set question no 24 from dataset
Predictions Generated for professional_medicine for iteration 7
Calculating accuracy
Accuracy on professional_medicine for iteration 7 is 0.72 
Running experiments with test set question_id 27
Excluding test set question no 27 from dataset
Predictions Generated for professional_medicine for iteration 8
Calculating accuracy
Accuracy on professional_medicine for iteration 8 is 0.72 
Running experiments with test set question_id 30
Excluding test set question no 30 from dataset
Predictions Generated for professional_medicine for iteration 9
Calculating accuracy
Accuracy on professional_medicine for iteration 9 is 0.71 
*****************************************************************************************
calculating average accuracy on professional_medicine
Average accuracy on professional_medicine is 0.715
✅ Progress saved to Drive: accuracy_mmlu_prompts_10_20260330_215636.pkl
generating predictions for the subject business_ethics
Running experiments with test set question_id 0
This is a question from business ethics.
_______ such as bitcoin are becoming increasingly mainstream and have a whole host of associated ethical implications, for example, they are______ and more ______. However, they have also been used to engage in _______.
    A. Cryptocurrencies, Expensive, Secure, Financial Crime
    B. Traditional currency, Cheap, Unsecure, Charitable giving
    C. Cryptocurrencies, Cheap, Secure, Financial crime
    D. Traditional currency, Expensive, Unsecure, Charitable giving
The correct answer is option: C
Typical advertising regulatory bodies suggest, for example that adverts must not: encourage _________, cause unnecessary ________ or _____, and must not cause _______ offence.
    A. Unsafe practices, Wants, Fear, Trivial
    B. Unsafe practices, Distress, Fear, Serious
    C. Safe practices, Wants, Jealousy, Trivial
    D. Safe practices, Distress, Jealousy, Serious
The correct answer is option: B
______ are the obligations of workers towards their employer, based on individual contracts and wider employment laws.
    A. Employee rights
    B. Employee rights
    C. Employer duties
    D. Employee duties
The correct answer is option: D
You are the world's best expert in business ethics. Reason step-by-step and answer the following question. 
Excluding test set question no 0 from dataset
Predictions Generated for business_ethics for iteration 0
Calculating accuracy
Accuracy on business_ethics for iteration 0 is 0.68 
Running experiments with test set question_id 3
Excluding test set question no 3 from dataset
Predictions Generated for business_ethics for iteration 1
Calculating accuracy
Accuracy on business_ethics for iteration 1 is 0.68 
Running experiments with test set question_id 6
Excluding test set question no 6 from dataset
Predictions Generated for business_ethics for iteration 2
Calculating accuracy
Accuracy on business_ethics for iteration 2 is 0.67 
Running experiments with test set question_id 9
Excluding test set question no 9 from dataset
Predictions Generated for business_ethics for iteration 3
Calculating accuracy
Accuracy on business_ethics for iteration 3 is 0.71 
Running experiments with test set question_id 12
Excluding test set question no 12 from dataset
Predictions Generated for business_ethics for iteration 4
Calculating accuracy
Accuracy on business_ethics for iteration 4 is 0.67 
Running experiments with test set question_id 15
This is a question from business ethics.
The Right to _______ has been a long-standing ethical concern for employees which today are addressed in most developed countries through a dense network of occupational health, safety and environmental regulations companies must abide by.
    A. Work-life balance
    B. Healthy and safe working conditions
    C. Employee privacy
    D. Free Speech
The correct answer is option: B
Which of the following would most effectively act as the primary objective of a business organisation?
    A. To make a profit
    B. To procure resources
    C. To communicate with shareholders
    D. To mediate between the organisation and the environment
The correct answer is option: A
What is the enlightened self-interest model of CSR?
    A. That it is in an organization's own best interest to put itself first rather than its ethics
    B. That it is in an organization's best interest to consider what a shareholder would want
    C. That it is in an organization's own best interest to act in an ethical way
    D. That it is in an organization's own best interest to follow the legislation and abide by the law
The correct answer is option: C
You are the world's best expert in business ethics. Reason step-by-step and answer the following question. 
Excluding test set question no 15 from dataset
Predictions Generated for business_ethics for iteration 5
Calculating accuracy
Accuracy on business_ethics for iteration 5 is 0.72 
Running experiments with test set question_id 18
Excluding test set question no 18 from dataset
Predictions Generated for business_ethics for iteration 6
Calculating accuracy
Accuracy on business_ethics for iteration 6 is 0.66 
Running experiments with test set question_id 21
Excluding test set question no 21 from dataset
Predictions Generated for business_ethics for iteration 7
Calculating accuracy
Accuracy on business_ethics for iteration 7 is 0.69 
Running experiments with test set question_id 24
Excluding test set question no 24 from dataset
Predictions Generated for business_ethics for iteration 8
Calculating accuracy
Accuracy on business_ethics for iteration 8 is 0.70 
Running experiments with test set question_id 27
Excluding test set question no 27 from dataset
Predictions Generated for business_ethics for iteration 9
Calculating accuracy
Accuracy on business_ethics for iteration 9 is 0.66 
*****************************************************************************************
calculating average accuracy on business_ethics
Average accuracy on business_ethics is 0.685
✅ Progress saved to Drive: accuracy_mmlu_prompts_10_20260330_215636.pkl
generating predictions for the subject professional_accounting
Running experiments with test set question_id 0
This is a question from professional accounting.
You bought a limousine for $98,000 and are planning to rent it for weddings, ceremonies and parties at $245 per hour. If you estimate the car will be hired for 2 hours a day on average, with daily costs at about $50, what is the estimated yearly yield on your investment if you work all year round, i.e. every day of the year, including any festivities and weekends?
    A. 164%
    B. 1.64%
    C. 0.45%
    D. 183%
The correct answer is option: A
Arno Co. did not record a credit purchase of merchandise made prior to year end. However the merchandise was correctly included in the year-end physical inventory. What effect did the omission of reporting the purchase of merchandise have on Arno's balance sheet at year end? Assets Liabilities
    A. No effect No effect
    B. No effect Understated
    C. Understated No effect
    D. Understated Understated
The correct answer is option: B
Which of the following statements about audit sampling risks is correct for a nonissuer?
    A. Nonsampling risk arises from the possibility that, when a substantive test is restricted to a sample, conclusions might be different than if the auditor had tested each item in the population.
    B. Nonsampling risk can arise because an auditor failed to recognize misstatements.
    C. Sampling risk is derived from the uncertainty in applying audit procedures to specific risks.
    D. Sampling risk includes the possibility of selecting audit procedures that are not appropriate to achieve the specific objective.
The correct answer is option: B
You are the world's best expert in professional accounting. Reason step-by-step and answer the following question. 
Excluding test set question no 0 from dataset
Predictions Generated for professional_accounting for iteration 0
Calculating accuracy
Accuracy on professional_accounting for iteration 0 is 0.54 
Running experiments with test set question_id 3
Excluding test set question no 3 from dataset
Predictions Generated for professional_accounting for iteration 1
Calculating accuracy
Accuracy on professional_accounting for iteration 1 is 0.52 
Running experiments with test set question_id 6
Excluding test set question no 6 from dataset
Predictions Generated for professional_accounting for iteration 2
Calculating accuracy
Accuracy on professional_accounting for iteration 2 is 0.55 
Running experiments with test set question_id 9
Excluding test set question no 9 from dataset
Predictions Generated for professional_accounting for iteration 3
Calculating accuracy
Accuracy on professional_accounting for iteration 3 is 0.54 
Running experiments with test set question_id 12
Excluding test set question no 12 from dataset
Predictions Generated for professional_accounting for iteration 4
Calculating accuracy
Accuracy on professional_accounting for iteration 4 is 0.52 
Running experiments with test set question_id 15
This is a question from professional accounting.
Which of the following types of audit evidence provides the least assurance of reliability?
    A. Receivable confirmations received from the client’s customers.
    B. Prenumbered receiving reports completed by the client’s employees.
    C. Prior months’ bank statements obtained from the client.
    D. Municipal property tax bills prepared in the client’s name.
The correct answer is option: B
During year 2 Pipp Co. incurred the following costs to develop and produce a routine low-risk computer software product: Completion of detailed program design $10000 Costs incurred for coding and testing to establish technological feasibility $15000 Other coding and testing costs incurred after establishment of technological feasibility $44000 In Pipp's December 31 year 2 balance sheet what amount should be capitalized as software cost?
    A. $10,000
    B. $25,000
    C. $44,000
    D. 59000
The correct answer is option: C
During an engagement to compile the financial statements of a nonissuer an accountant becomes aware that management had stated land at appraised value and that if GAAP had been followed both the land account and stockholders' equity would have been decreased by $1 million a material amount. The accountant decides to modify the standard compilation report because management will not revise the financial statements. Under these circumstances the accountant should
    A. Issue either an adverse opinion or a qualified opinion depending on materiality because of the departure from GAAP.
    B. Add a separate paragraph to the accountant's report that restricts the distribution of the financial statements to ‚Äúinternal use only.‚Äù
    C. Add a separate paragraph to the accountant's report that discloses the departure from GAAP and its effects on the financial statements.
    D. Add a separate paragraph to the accountant's report that explains the underlying purpose of recording assets at historical cost.
The correct answer is option: C
You are the world's best expert in professional accounting. Reason step-by-step and answer the following question. 
Excluding test set question no 15 from dataset
Predictions Generated for professional_accounting for iteration 5
Calculating accuracy
Accuracy on professional_accounting for iteration 5 is 0.54 
Running experiments with test set question_id 18
Excluding test set question no 18 from dataset
Predictions Generated for professional_accounting for iteration 6
Calculating accuracy
Accuracy on professional_accounting for iteration 6 is 0.54 
Running experiments with test set question_id 21
Excluding test set question no 21 from dataset
Predictions Generated for professional_accounting for iteration 7
Calculating accuracy
Accuracy on professional_accounting for iteration 7 is 0.55 
Running experiments with test set question_id 24
Excluding test set question no 24 from dataset
Predictions Generated for professional_accounting for iteration 8
Calculating accuracy
Accuracy on professional_accounting for iteration 8 is 0.55 
Running experiments with test set question_id 27
Excluding test set question no 27 from dataset
Predictions Generated for professional_accounting for iteration 9
Calculating accuracy
Accuracy on professional_accounting for iteration 9 is 0.53 
*****************************************************************************************
calculating average accuracy on professional_accounting
Average accuracy on professional_accounting is 0.536
✅ Progress saved to Drive: accuracy_mmlu_prompts_10_20260330_215636.pkl
generating predictions for the subject public_relations
Running experiments with test set question_id 0
This is a question from public relations.
Which common public relations tactic involves sending journalists on visits to appropriate locations?
    A. Media release
    B. Media tour
    C. Press room
    D. Promotional days/weeks
The correct answer is option: B
You are the vice president of public relations for a corporation that produces a well-known brand of food products. In the Albany, New York, market, one of your products has recently been found to have some contamination. While apparently not fatal, it has given a large number of consumers severe stomach cramps and other intestinal problems. The cause has been traced back to your product, which is sold throughout the nation. Your CEO wants to know what you would advise to keep the situation from becoming a public relations disaster. What should you recommend?
    A. Quickly investigate to make certain your product is definitely the cause of the illness.
    B. Stop all sales of the product throughout the nation and issue a recall for that product.
    C. Stop sales of the product in the Albany, New York, market and issue a recall for that product.
    D. Issue a press release to the Albany, New York, market explaining how to treat the symptoms.
The correct answer is option: B
In public relations, ________ deals with an organization's ability to satisfy and create a positive experience for its consumers.
    A. community relations
    B. consumer relations
    C. employee relations
    D. public issues
The correct answer is option: B
You are the world's best expert in public relations. Reason step-by-step and answer the following question. 
Excluding test set question no 0 from dataset
Predictions Generated for public_relations for iteration 0
Calculating accuracy
Accuracy on public_relations for iteration 0 is 0.63 
Running experiments with test set question_id 3
Excluding test set question no 3 from dataset
Predictions Generated for public_relations for iteration 1
Calculating accuracy
Accuracy on public_relations for iteration 1 is 0.65 
Running experiments with test set question_id 6
Excluding test set question no 6 from dataset
Predictions Generated for public_relations for iteration 2
Calculating accuracy
Accuracy on public_relations for iteration 2 is 0.69 
Running experiments with test set question_id 9
Excluding test set question no 9 from dataset
Predictions Generated for public_relations for iteration 3
Calculating accuracy
Accuracy on public_relations for iteration 3 is 0.69 
Running experiments with test set question_id 12
Excluding test set question no 12 from dataset
Predictions Generated for public_relations for iteration 4
Calculating accuracy
Accuracy on public_relations for iteration 4 is 0.63 
Running experiments with test set question_id 15
This is a question from public relations.
Early theories of mass communication suggested that audiences were passive recipients of media messages and thus vulnerable to manipulation. Which of the following best describes current thinking?
    A. Audiences are more vulnerable and passive than ever before.
    B. Television viewing, in particular, creates increased activity in the right hemisphere of the brain.
    C. Active receivers are not uniformly affected by mass communication messages.
    D. Technology has led to increasingly passive recipients at the ends of message transmission systems.
The correct answer is option: C
Which of the following entities cannot sue for libel?
    A. A politician
    B. A house of worship
    C. A government institution
    D. A publicly-traded company
The correct answer is option: C
Which author emphasised strategy as achieving competitive advantage for an organization?
    A. Steyn (2003)
    B. Gregory (2006)
    C. Cutlip et al (2006)
    D. Henry (2006)
The correct answer is option: D
You are the world's best expert in public relations. Reason step-by-step and answer the following question. 
Excluding test set question no 15 from dataset
Predictions Generated for public_relations for iteration 5
Calculating accuracy
Accuracy on public_relations for iteration 5 is 0.66 
Running experiments with test set question_id 18
Excluding test set question no 18 from dataset
Predictions Generated for public_relations for iteration 6
Calculating accuracy
Accuracy on public_relations for iteration 6 is 0.65 
Running experiments with test set question_id 21
Excluding test set question no 21 from dataset
Predictions Generated for public_relations for iteration 7
Calculating accuracy
Accuracy on public_relations for iteration 7 is 0.69 
Running experiments with test set question_id 24
Excluding test set question no 24 from dataset
Predictions Generated for public_relations for iteration 8
Calculating accuracy
Accuracy on public_relations for iteration 8 is 0.66 
Running experiments with test set question_id 27
Excluding test set question no 27 from dataset
Predictions Generated for public_relations for iteration 9
Calculating accuracy
Accuracy on public_relations for iteration 9 is 0.69 
*****************************************************************************************
calculating average accuracy on public_relations
Average accuracy on public_relations is 0.664
✅ Progress saved to Drive: accuracy_mmlu_prompts_10_20260330_215636.pkl
generating predictions for the subject management
Running experiments with test set question_id 0
This is a question from management.
What is the term for a sub-optimal but acceptable outcome of negotiations between parties?
    A. Bargaining
    B. Satisficing
    C. Accepting
    D. Compromising
The correct answer is option: B
What is the term for the 'rule of thumb' type of bias in decision making?
    A. Framing bias
    B. Hindsight bias
    C. Over-confidence bias
    D. Heuristics
The correct answer is option: D
What is a normative perspective?
    A. The way things are.
    B. The way things are going to be.
    C. The way things should be.
    D. The way things were.
The correct answer is option: C
You are the world's best expert in management. Reason step-by-step and answer the following question. 
Excluding test set question no 0 from dataset
Predictions Generated for management for iteration 0
Calculating accuracy
Accuracy on management for iteration 0 is 0.78 
Running experiments with test set question_id 3
Excluding test set question no 3 from dataset
Predictions Generated for management for iteration 1
Calculating accuracy
Accuracy on management for iteration 1 is 0.81 
Running experiments with test set question_id 6
Excluding test set question no 6 from dataset
Predictions Generated for management for iteration 2
Calculating accuracy
Accuracy on management for iteration 2 is 0.80 
Running experiments with test set question_id 9
Excluding test set question no 9 from dataset
Predictions Generated for management for iteration 3
Calculating accuracy
Accuracy on management for iteration 3 is 0.80 
Running experiments with test set question_id 12
Excluding test set question no 12 from dataset
Predictions Generated for management for iteration 4
Calculating accuracy
Accuracy on management for iteration 4 is 0.84 
Running experiments with test set question_id 15
This is a question from management.
Which one of the following is not one of Drucker's five guiding principles of management?
    A. Making people's strengths effective and their weaknesses irrelevant.
    B. Enhancing the ability of people to contribute.
    C. To operate the organisation's status system.
    D. Integrating people in a common venture by thinking through, setting and exemplifying the organisational objectives, values and goals.
The correct answer is option: C
What is a paradigm?
    A. A theoretical assumption
    B. An illustration
    C. A theoretical model
    D. An example serving as a model
The correct answer is option: D
What one of the following is not a key management skill in planning?
    A. Conceptual skills
    B. Analytical skills
    C. IT and computing skills
    D. Communication skills
The correct answer is option: C
You are the world's best expert in management. Reason step-by-step and answer the following question. 
Excluding test set question no 15 from dataset
Predictions Generated for management for iteration 5
Calculating accuracy
Accuracy on management for iteration 5 is 0.84 
Running experiments with test set question_id 18
Excluding test set question no 18 from dataset
Predictions Generated for management for iteration 6
Calculating accuracy
Accuracy on management for iteration 6 is 0.80 
Running experiments with test set question_id 21
Excluding test set question no 21 from dataset
Predictions Generated for management for iteration 7
Calculating accuracy
Accuracy on management for iteration 7 is 0.81 
Running experiments with test set question_id 24
Excluding test set question no 24 from dataset
Predictions Generated for management for iteration 8
Calculating accuracy
Accuracy on management for iteration 8 is 0.80 
Running experiments with test set question_id 27
Excluding test set question no 27 from dataset
Predictions Generated for management for iteration 9
Calculating accuracy
Accuracy on management for iteration 9 is 0.80 
*****************************************************************************************
calculating average accuracy on management
Average accuracy on management is 0.806
✅ Progress saved to Drive: accuracy_mmlu_prompts_10_20260330_215636.pkl
generating predictions for the subject marketing
Running experiments with test set question_id 0
This is a question from marketing.
This is a hierarchy of effects or sequential model used to explain how advertising works:
    A. ADD.
    B. AIDA.
    C. PESTLE.
    D. SWOT.
The correct answer is option: B
 _____________is an important element in the communication process. It recognizes that successful communications are more likely to be achieved if the source and the receiver understand each other.
    A. The realm of understanding.
    B. Personal selling.
    C. Noise.
    D. Feedback.
The correct answer is option: A
In the history of marketing, when did the production period end?
    A. In the late 1800s.
    B. In the early 1900s.
    C. In the 1920s.
    D. After the end of the Second World War.
The correct answer is option: C
You are the world's best expert in marketing. Reason step-by-step and answer the following question. 
Excluding test set question no 0 from dataset
Predictions Generated for marketing for iteration 0
Calculating accuracy
Accuracy on marketing for iteration 0 is 0.89 
Running experiments with test set question_id 3
Excluding test set question no 3 from dataset
Predictions Generated for marketing for iteration 1
Calculating accuracy
Accuracy on marketing for iteration 1 is 0.91 
Running experiments with test set question_id 6
Excluding test set question no 6 from dataset
Predictions Generated for marketing for iteration 2
Calculating accuracy
Accuracy on marketing for iteration 2 is 0.90 
Running experiments with test set question_id 9
Excluding test set question no 9 from dataset
Predictions Generated for marketing for iteration 3
Calculating accuracy
Accuracy on marketing for iteration 3 is 0.90 
Running experiments with test set question_id 12
Excluding test set question no 12 from dataset
Predictions Generated for marketing for iteration 4
Calculating accuracy
Accuracy on marketing for iteration 4 is 0.88 
Running experiments with test set question_id 15
This is a question from marketing.
A method of marketing by electronic mail wherein the recipient of the message has consented to receive it is called:
    A. Search marketing.
    B. Internet advertising.
    C. Permission-based email marketing.
    D. Social web marketing.
The correct answer is option: C
 Collectively organizations that combine to enable offerings to reach end users quickly and efficiently constitute a marketing channel, are sometimes referred to as a:
    A. Vehicle.
    B. Courier.
    C. Transportation.
    D. Distribution channel.
The correct answer is option: D
 Which of the following are the three broad groups of organizational characteristics segmentation criteria?
    A. Organizational size, industry type, and gender.
    B. Psychographics, purchaser, and behavioural criteria.
    C. Organizational size, industry type, and geographical location.
    D. None of the above.
The correct answer is option: C
You are the world's best expert in marketing. Reason step-by-step and answer the following question. 
Excluding test set question no 15 from dataset
Predictions Generated for marketing for iteration 5
Calculating accuracy
Accuracy on marketing for iteration 5 is 0.90 
Running experiments with test set question_id 18
Excluding test set question no 18 from dataset
Predictions Generated for marketing for iteration 6
Calculating accuracy
Accuracy on marketing for iteration 6 is 0.91 
Running experiments with test set question_id 21
Excluding test set question no 21 from dataset
Predictions Generated for marketing for iteration 7
Calculating accuracy
Accuracy on marketing for iteration 7 is 0.89 
Running experiments with test set question_id 24
Excluding test set question no 24 from dataset
Predictions Generated for marketing for iteration 8
Calculating accuracy
Accuracy on marketing for iteration 8 is 0.91 
Running experiments with test set question_id 27
Excluding test set question no 27 from dataset
Predictions Generated for marketing for iteration 9
Calculating accuracy
Accuracy on marketing for iteration 9 is 0.89 
*****************************************************************************************
calculating average accuracy on marketing
Average accuracy on marketing is 0.897
✅ Progress saved to Drive: accuracy_mmlu_prompts_10_20260330_215636.pkl
🔄 Found existing results. Resuming for: ['college_computer_science', 'formal_logic', 'high_school_computer_science', 'computer_security', 'machine_learning', 'clinical_knowledge', 'high_school_biology', 'anatomy', 'college_chemistry', 'college_medicine', 'professional_medicine', 'business_ethics', 'professional_accounting', 'public_relations', 'management', 'marketing']
⏩ Skipping college_computer_science: Already processed 10 iterations.
⏩ Skipping formal_logic: Already processed 10 iterations.
⏩ Skipping high_school_computer_science: Already processed 10 iterations.
⏩ Skipping computer_security: Already processed 10 iterations.
⏩ Skipping machine_learning: Already processed 10 iterations.
⏩ Skipping clinical_knowledge: Already processed 10 iterations.
⏩ Skipping high_school_biology: Already processed 10 iterations.
⏩ Skipping anatomy: Already processed 10 iterations.
⏩ Skipping college_chemistry: Already processed 10 iterations.
⏩ Skipping college_medicine: Already processed 10 iterations.
⏩ Skipping professional_medicine: Already processed 10 iterations.
⏩ Skipping business_ethics: Already processed 10 iterations.
⏩ Skipping professional_accounting: Already processed 10 iterations.
⏩ Skipping public_relations: Already processed 10 iterations.
⏩ Skipping management: Already processed 10 iterations.
⏩ Skipping marketing: Already processed 10 iterations.
🎉 ALL SUBJECTS COMPLETE!
This is a question from college computer science.
Which of the following sorting algorithms has the best average case performance?
    A. Bubble Sort
    B. Quick Sort
    C. Selection Sort
    D. Insertion Sort
The correct answer is option: B
You are the world's best expert in college computer science. Reason step-by-step and answer the following question. 
Accuracy on college_computer_science for iteration 0 is 0.47 
Accuracy on college_computer_science for iteration 1 is 0.47 
Accuracy on college_computer_science for iteration 2 is 0.46 
Accuracy on college_computer_science for iteration 3 is 0.46 
Accuracy on college_computer_science for iteration 4 is 0.49 
This is a question from college computer science.
In database terminology, what does SQL stand for?
    A. Simple Question Language
    B. Structured Query Language
    C. Standard Queue Language
    D. System Query Language
The correct answer is option: B
You are the world's best expert in college computer science. Reason step-by-step and answer the following question. 
Accuracy on college_computer_science for iteration 5 is 0.49 
Accuracy on college_computer_science for iteration 6 is 0.41 
Accuracy on college_computer_science for iteration 7 is 0.45 
Accuracy on college_computer_science for iteration 8 is 0.49 
Accuracy on college_computer_science for iteration 9 is 0.51 
*****************************************************************************************
calculating average accuracy on college_computer_science
Average accuracy on college_computer_science is 0.470
This is a question from formal logic.
What is a 'proposition' in formal logic?
    A. A question
    B. An assertion that is either true or false
    C. An argument
    D. A hypothesis
The correct answer is option: B
You are the world's best expert in formal logic. Reason step-by-step and answer the following question. 
Accuracy on formal_logic for iteration 0 is 0.44 
Accuracy on formal_logic for iteration 1 is 0.41 
Accuracy on formal_logic for iteration 2 is 0.40 
Accuracy on formal_logic for iteration 3 is 0.43 
Accuracy on formal_logic for iteration 4 is 0.41 
This is a question from formal logic.
What is a 'tautology' in formal logic?
    A. A statement that is always true
    B. A statement that is both true and false at the same time
    C. A statement that is always false
    D. A statement that is neither true nor false
The correct answer is option: A
You are the world's best expert in formal logic. Reason step-by-step and answer the following question. 
Accuracy on formal_logic for iteration 5 is 0.41 
Accuracy on formal_logic for iteration 6 is 0.39 
Accuracy on formal_logic for iteration 7 is 0.42 
Accuracy on formal_logic for iteration 8 is 0.41 
Accuracy on formal_logic for iteration 9 is 0.41 
*****************************************************************************************
calculating average accuracy on formal_logic
Average accuracy on formal_logic is 0.414
This is a question from high school computer science.
Which of the following is NOT a characteristic of Object-Oriented Programming?
    A. Encapsulation
    B. Inheritance
    C. Normalization
    D. Polymorphism
The correct answer is option: C
You are the world's best expert in high school computer science. Reason step-by-step and answer the following question. 
Accuracy on high_school_computer_science for iteration 0 is 0.70 
Accuracy on high_school_computer_science for iteration 1 is 0.68 
Accuracy on high_school_computer_science for iteration 2 is 0.72 
Accuracy on high_school_computer_science for iteration 3 is 0.72 
Accuracy on high_school_computer_science for iteration 4 is 0.70 
This is a question from high school computer science.
Which of the following languages is a low-level programming language?
    A. Python
    B. Java
    C. Assembly
    D. JavaScript
The correct answer is option: C
You are the world's best expert in high school computer science. Reason step-by-step and answer the following question. 
Accuracy on high_school_computer_science for iteration 5 is 0.70 
Accuracy on high_school_computer_science for iteration 6 is 0.70 
Accuracy on high_school_computer_science for iteration 7 is 0.69 
Accuracy on high_school_computer_science for iteration 8 is 0.72 
Accuracy on high_school_computer_science for iteration 9 is 0.70 
*****************************************************************************************
calculating average accuracy on high_school_computer_science
Average accuracy on high_school_computer_science is 0.700
This is a question from computer security.
What is the primary goal of computer security?
    A. Ensuring system availability
    B. Protecting user privacy
    C. Ensuring data integrity
    D. All of the above
The correct answer is option: D
You are the world's best expert in computer security. Reason step-by-step and answer the following question. 
Accuracy on computer_security for iteration 0 is 0.66 
Accuracy on computer_security for iteration 1 is 0.69 
Accuracy on computer_security for iteration 2 is 0.69 
Accuracy on computer_security for iteration 3 is 0.69 
Accuracy on computer_security for iteration 4 is 0.68 
This is a question from computer security.
Which of these is an authentication factor category?
    A. Something you know
    B. Something you read
    C. Something you hear
    D. Something you watch
The correct answer is option: A
You are the world's best expert in computer security. Reason step-by-step and answer the following question. 
Accuracy on computer_security for iteration 5 is 0.72 
Accuracy on computer_security for iteration 6 is 0.69 
Accuracy on computer_security for iteration 7 is 0.70 
Accuracy on computer_security for iteration 8 is 0.71 
Accuracy on computer_security for iteration 9 is 0.69 
*****************************************************************************************
calculating average accuracy on computer_security
Average accuracy on computer_security is 0.693
This is a question from machine learning.
Which of the following is a supervised learning algorithm?
    A. K-means clustering
    B. Support vector machines
    C. Principal component analysis
    D. Latent Dirichlet allocation
The correct answer is option: B
You are the world's best expert in machine learning. Reason step-by-step and answer the following question. 
Accuracy on machine_learning for iteration 0 is 0.43 
Accuracy on machine_learning for iteration 1 is 0.46 
Accuracy on machine_learning for iteration 2 is 0.46 
Accuracy on machine_learning for iteration 3 is 0.46 
Accuracy on machine_learning for iteration 4 is 0.51 
This is a question from machine learning.
Which of the following is a commonly used loss function in regression tasks?
    A. Mean squared error
    B. Cross-entropy loss
    C. Hinge loss
    D. Kullback-Leibler divergence
The correct answer is option: A
You are the world's best expert in machine learning. Reason step-by-step and answer the following question. 
Accuracy on machine_learning for iteration 5 is 0.43 
Accuracy on machine_learning for iteration 6 is 0.46 
Accuracy on machine_learning for iteration 7 is 0.50 
Accuracy on machine_learning for iteration 8 is 0.45 
Accuracy on machine_learning for iteration 9 is 0.47 
*****************************************************************************************
calculating average accuracy on machine_learning
Average accuracy on machine_learning is 0.463
This is a question from clinical knowledge.
Which of the following is the most common cause of community-acquired pneumonia?
    A. Streptococcus pneumoniae
    B. Haemophilus influenzae
    C. Klebsiella pneumoniae
    D. Pseudomonas aeruginosa
The correct answer is option: A
You are the world's best expert in clinical knowledge. Reason step-by-step and answer the following question. 
Accuracy on clinical_knowledge for iteration 0 is 0.73 
Accuracy on clinical_knowledge for iteration 1 is 0.72 
Accuracy on clinical_knowledge for iteration 2 is 0.71 
Accuracy on clinical_knowledge for iteration 3 is 0.71 
Accuracy on clinical_knowledge for iteration 4 is 0.70 
This is a question from clinical knowledge.
What is the most common cause of congestive heart failure?
    A. Coronary artery disease
    B. Hypertension
    C. Valvular heart disease
    D. Cardiomyopathy
The correct answer is option: A
You are the world's best expert in clinical knowledge. Reason step-by-step and answer the following question. 
Accuracy on clinical_knowledge for iteration 5 is 0.74 
Accuracy on clinical_knowledge for iteration 6 is 0.72 
Accuracy on clinical_knowledge for iteration 7 is 0.73 
Accuracy on clinical_knowledge for iteration 8 is 0.72 
Accuracy on clinical_knowledge for iteration 9 is 0.71 
*****************************************************************************************
calculating average accuracy on clinical_knowledge
Average accuracy on clinical_knowledge is 0.719
This is a question from high school biology.
Which of the following cell structures is responsible for producing energy in the form of ATP?
    A. Nucleus
    B. Ribosomes
    C. Mitochondria
    D. Endoplasmic Reticulum
The correct answer is option: C
You are the world's best expert in high school biology. Reason step-by-step and answer the following question. 
Accuracy on high_school_biology for iteration 0 is 0.77 
Accuracy on high_school_biology for iteration 1 is 0.77 
Accuracy on high_school_biology for iteration 2 is 0.77 
Accuracy on high_school_biology for iteration 3 is 0.76 
Accuracy on high_school_biology for iteration 4 is 0.75 
This is a question from high school biology.
This is a question from high school biology.
    Which is an example of a prokaryotic organism?
    A. Yeast
    B. Amoeba
    C. Bacterium
    D. Human
The correct answer is option: C
You are the world's best expert in high school biology. Reason step-by-step and answer the following question. 
Accuracy on high_school_biology for iteration 5 is 0.77 
Accuracy on high_school_biology for iteration 6 is 0.76 
Accuracy on high_school_biology for iteration 7 is 0.77 
Accuracy on high_school_biology for iteration 8 is 0.77 
Accuracy on high_school_biology for iteration 9 is 0.75 
*****************************************************************************************
calculating average accuracy on high_school_biology
Average accuracy on high_school_biology is 0.763
This is a question from anatomy.
What is the largest organ in the human body?
    A. Liver
    B. Skin
    C. Lungs
    D. Kidneys
The correct answer is option: B
You are the world's best expert in anatomy. Reason step-by-step and answer the following question. 
Accuracy on anatomy for iteration 0 is 0.68 
Accuracy on anatomy for iteration 1 is 0.68 
Accuracy on anatomy for iteration 2 is 0.69 
Accuracy on anatomy for iteration 3 is 0.66 
Accuracy on anatomy for iteration 4 is 0.69 
This is a question from anatomy.
Which part of the human brain is responsible for regulating basic physiological functions such as heart rate, breathing, and blood pressure?
    A. Cerebrum
    B. Cerebellum
    C. Medulla oblongata
    D. Thalamus
The correct answer is option: C
You are the world's best expert in anatomy. Reason step-by-step and answer the following question. 
Accuracy on anatomy for iteration 5 is 0.66 
Accuracy on anatomy for iteration 6 is 0.66 
Accuracy on anatomy for iteration 7 is 0.65 
Accuracy on anatomy for iteration 8 is 0.68 
Accuracy on anatomy for iteration 9 is 0.67 
*****************************************************************************************
calculating average accuracy on anatomy
Average accuracy on anatomy is 0.670
This is a question from college chemistry.
Which of the following is an example of a compound?
    A. Oxygen gas
    B. Water
    C. Argon gas
    D. Hydrogen gas
The correct answer is option: B
You are the world's best expert in college chemistry. Reason step-by-step and answer the following question. 
Accuracy on college_chemistry for iteration 0 is 0.39 
Accuracy on college_chemistry for iteration 1 is 0.45 
Accuracy on college_chemistry for iteration 2 is 0.47 
Accuracy on college_chemistry for iteration 3 is 0.43 
Accuracy on college_chemistry for iteration 4 is 0.45 
This is a question from college chemistry.
What is the principle that states that no two electrons in an atom can have the same set of quantum numbers?
    A. Hund's rule
    B. The aufbau principle
    C. The Pauli exclusion principle
    D. The Heisenberg uncertainty principle
The correct answer is option: C
You are the world's best expert in college chemistry. Reason step-by-step and answer the following question. 
Accuracy on college_chemistry for iteration 5 is 0.46 
Accuracy on college_chemistry for iteration 6 is 0.43 
Accuracy on college_chemistry for iteration 7 is 0.41 
Accuracy on college_chemistry for iteration 8 is 0.42 
Accuracy on college_chemistry for iteration 9 is 0.41 
*****************************************************************************************
calculating average accuracy on college_chemistry
Average accuracy on college_chemistry is 0.431
This is a question from college medicine.
Which of the following is a common type of white blood cell involved in the immune response?
    A. Erythrocytes
    B. Neutrophils
    C. Platelets
    D. Myocytes
The correct answer is option: B
You are the world's best expert in college medicine. Reason step-by-step and answer the following question. 
Accuracy on college_medicine for iteration 0 is 0.65 
Accuracy on college_medicine for iteration 1 is 0.62 
Accuracy on college_medicine for iteration 2 is 0.62 
Accuracy on college_medicine for iteration 3 is 0.65 
Accuracy on college_medicine for iteration 4 is 0.64 
This is a question from college medicine.
What is the main purpose of the sinoatrial (SA) node in the human heart?
    A. Oxygenate blood
    B. Pump blood to the lungs
    C. Act as the heart's natural pacemaker
    D. Regulate blood pressure
The correct answer is option: C
You are the world's best expert in college medicine. Reason step-by-step and answer the following question. 
Accuracy on college_medicine for iteration 5 is 0.61 
Accuracy on college_medicine for iteration 6 is 0.63 
Accuracy on college_medicine for iteration 7 is 0.61 
Accuracy on college_medicine for iteration 8 is 0.62 
Accuracy on college_medicine for iteration 9 is 0.63 
*****************************************************************************************
calculating average accuracy on college_medicine
Average accuracy on college_medicine is 0.627
This is a question from professional medicine.
Which of the following best describes the function of the enzyme renin in the human body?
    A. It stimulates red blood cell production.
    B. It catalyzes the conversion of angiotensinogen to angiotensin I.
    C. It acts as a clotting factor in blood coagulation.
    D. It catalyzes the breakdown of glycogen to glucose.
The correct answer is option: B
You are the world's best expert in professional medicine. Reason step-by-step and answer the following question. 
Accuracy on professional_medicine for iteration 0 is 0.69 
Accuracy on professional_medicine for iteration 1 is 0.70 
Accuracy on professional_medicine for iteration 2 is 0.71 
Accuracy on professional_medicine for iteration 3 is 0.71 
Accuracy on professional_medicine for iteration 4 is 0.69 
This is a question from professional medicine.
What is the most common type of skin cancer?
    A. Melanoma
    B. Basal cell carcinoma
    C. Squamous cell carcinoma
    D. Kaposi sarcoma
The correct answer is option: B
You are the world's best expert in professional medicine. Reason step-by-step and answer the following question. 
Accuracy on professional_medicine for iteration 5 is 0.69 
Accuracy on professional_medicine for iteration 6 is 0.67 
Accuracy on professional_medicine for iteration 7 is 0.70 
Accuracy on professional_medicine for iteration 8 is 0.68 
Accuracy on professional_medicine for iteration 9 is 0.70 
*****************************************************************************************
calculating average accuracy on professional_medicine
Average accuracy on professional_medicine is 0.694
This is a question from business ethics.
Conflict of interest in business refers to:
    A. A competition between businesses in the same market
    B. A situation in which personal interests could potentially harm professional judgement
    C. A disagreement between employees within a company
    D. A conflict between a company's shareholders and management
The correct answer is option: B
You are the world's best expert in business ethics. Reason step-by-step and answer the following question. 
Accuracy on business_ethics for iteration 0 is 0.62 
Accuracy on business_ethics for iteration 1 is 0.64 
Accuracy on business_ethics for iteration 2 is 0.70 
Accuracy on business_ethics for iteration 3 is 0.64 
Accuracy on business_ethics for iteration 4 is 0.65 
This is a question from business ethics.
The "triple bottom line" approach to corporate accounting includes consideration of:
    A. Profit, debt, and equity
    B. Economic, environmental, and social performance
    C. Domestic, foreign, and international sales
    D. Employees, products, and customers
The correct answer is option: B
You are the world's best expert in business ethics. Reason step-by-step and answer the following question. 
Accuracy on business_ethics for iteration 5 is 0.65 
Accuracy on business_ethics for iteration 6 is 0.68 
Accuracy on business_ethics for iteration 7 is 0.66 
Accuracy on business_ethics for iteration 8 is 0.66 
Accuracy on business_ethics for iteration 9 is 0.68 
*****************************************************************************************
calculating average accuracy on business_ethics
Average accuracy on business_ethics is 0.657
This is a question from professional accounting.
Which of the following is used in accounting to analyze the financial health of a business?
    A. Horizontal analysis
    B. Vertical analysis
    C. Ratio analysis
    D. All of the above
The correct answer is option: D
You are the world's best expert in professional accounting. Reason step-by-step and answer the following question. 
Accuracy on professional_accounting for iteration 0 is 0.52 
Accuracy on professional_accounting for iteration 1 is 0.52 
Accuracy on professional_accounting for iteration 2 is 0.52 
Accuracy on professional_accounting for iteration 3 is 0.51 
Accuracy on professional_accounting for iteration 4 is 0.51 
This is a question from professional accounting.
What is the double-entry system in accounting?
    A. Every entry to an account requires a corresponding and opposite entry to a different account
    B. Every entry to an account requires a corresponding and similar entry to a different account
    C. Every entry to an account requires two opposite entries to the same account
    D. Every entry to an account requires two similar entries to the same account
The correct answer is option: A
You are the world's best expert in professional accounting. Reason step-by-step and answer the following question. 
Accuracy on professional_accounting for iteration 5 is 0.53 
Accuracy on professional_accounting for iteration 6 is 0.52 
Accuracy on professional_accounting for iteration 7 is 0.50 
Accuracy on professional_accounting for iteration 8 is 0.53 
Accuracy on professional_accounting for iteration 9 is 0.50 
*****************************************************************************************
calculating average accuracy on professional_accounting
Average accuracy on professional_accounting is 0.517
This is a question from public relations.
Which of the following is the primary goal of public relations?
    A. Selling products directly
    B. Managing the reputation of an organization
    C. Creating advertisements
    D. Providing customer service
The correct answer is option: B
You are the world's best expert in public relations. Reason step-by-step and answer the following question. 
Accuracy on public_relations for iteration 0 is 0.66 
Accuracy on public_relations for iteration 1 is 0.63 
Accuracy on public_relations for iteration 2 is 0.61 
Accuracy on public_relations for iteration 3 is 0.62 
Accuracy on public_relations for iteration 4 is 0.63 
This is a question from public relations.
Which one of the following is NOT a typical role of a public relations professional?
    A. Writing press releases
    B. Managing social media accounts
    C. Implementing SEO strategies
    D. Producing the organization's financial reports
The correct answer is option: D
You are the world's best expert in public relations. Reason step-by-step and answer the following question. 
Accuracy on public_relations for iteration 5 is 0.61 
Accuracy on public_relations for iteration 6 is 0.60 
Accuracy on public_relations for iteration 7 is 0.66 
Accuracy on public_relations for iteration 8 is 0.63 
Accuracy on public_relations for iteration 9 is 0.61 
*****************************************************************************************
calculating average accuracy on public_relations
Average accuracy on public_relations is 0.626
This is a question from management.
What is the primary goal of strategic management?
    A. Maximize shareholder wealth
    B. Maximize employee satisfaction
    C. Minimize operational costs
    D. Minimize risk
The correct answer is option: A
You are the world's best expert in management. Reason step-by-step and answer the following question. 
Accuracy on management for iteration 0 is 0.79 
Accuracy on management for iteration 1 is 0.79 
Accuracy on management for iteration 2 is 0.80 
Accuracy on management for iteration 3 is 0.80 
Accuracy on management for iteration 4 is 0.77 
This is a question from management.
What is the main focus of human resource management?
    A. Financial management
    B. Employee management
    C. Strategic management
    D. Operations management
The correct answer is option: B
You are the world's best expert in management. Reason step-by-step and answer the following question. 
Accuracy on management for iteration 5 is 0.78 
Accuracy on management for iteration 6 is 0.75 
Accuracy on management for iteration 7 is 0.77 
Accuracy on management for iteration 8 is 0.78 
Accuracy on management for iteration 9 is 0.81 
*****************************************************************************************
calculating average accuracy on management
Average accuracy on management is 0.784
This is a question from marketing.
What does the term "market segmentation" refer to?
    A. Dividing a market into distinct groups of buyers with different needs and preferences
    B. Identifying the best pricing strategy for a product
    C. Identifying the target market for a product
    D. Developing a marketing strategy for a niche market
The correct answer is option: A
You are the world's best expert in marketing. Reason step-by-step and answer the following question. 
Accuracy on marketing for iteration 0 is 0.87 
Accuracy on marketing for iteration 1 is 0.88 
Accuracy on marketing for iteration 2 is 0.88 
Accuracy on marketing for iteration 3 is 0.86 
Accuracy on marketing for iteration 4 is 0.86 
This is a question from marketing.
Which of the following is a type of online advertising?
    A. Pay-per-click (PPC)
    B. Content marketing
    C. Public relations
    D. Event marketing
The correct answer is option: A
You are the world's best expert in marketing. Reason step-by-step and answer the following question. 
Accuracy on marketing for iteration 5 is 0.87 
Accuracy on marketing for iteration 6 is 0.89 
Accuracy on marketing for iteration 7 is 0.87 
Accuracy on marketing for iteration 8 is 0.86 
Accuracy on marketing for iteration 9 is 0.86 
*****************************************************************************************
calculating average accuracy on marketing
Average accuracy on marketing is 0.871
